{"_step":299,"epoch":100,"_wandb":{"runtime":6384},"train_instance_loss":0.011916515033979395,"val_binary_loss":0.0681811344021788,"val_total_loss":0.39373609094092477,"visualization":{"sha256":"672b48177ad710ae8453716f2a694100842cb4295604ba374ae08eda1f1c13ab","size":160941,"path":"media/images/visualization_297_672b48177ad710ae8453.png","format":"png","width":2048,"height":256,"caption":"Epoch 100 - Batch 0","_type":"image-file"},"_runtime":6384.839503015,"val_instance_loss":0.719291038166445,"_timestamp":1.7396771937188628e+09,"train_total_loss":0.02430547278059359,"train_binary_loss":0.03669443038936278}