{"binary_loss":0.04986319690942764,"instance_loss":0.13973656296730042,"_wandb":{"runtime":0},"visualization":{"sha256":"e15ba6fc63cf627df9a1a174cbc7d36dc9fdbd1ead79c04b8145d845fc5e5737","size":153570,"path":"media/images/visualization_0_e15ba6fc63cf627df9a1.png","format":"png","width":2048,"height":256,"caption":"First Combined Visualization","_type":"image-file"},"_timestamp":1.739830251906202e+09,"_runtime":0.930874902,"_step":1,"total_loss":0.18959975242614746}