{"_timestamp":1.7398444148323927e+09,"_runtime":15.155577649,"_step":1,"instance_loss":0.13973656296730042,"total_loss":0.18959975242614746,"binary_loss":0.04986319690942764,"_wandb":{"runtime":15},"visualization":{"height":256,"caption":"First Combined Visualization","_type":"image-file","sha256":"e15ba6fc63cf627df9a1a174cbc7d36dc9fdbd1ead79c04b8145d845fc5e5737","size":153570,"path":"media/images/visualization_0_e15ba6fc63cf627df9a1.png","format":"png","width":2048}}